slot,order_in_slot,condition,participant_id,notice_id,source_sha256,assisted_raw_sha256,consent_record,trial_id,status,lead_adjudication,dispute_record
A,1,manual,,,,,,,NOT_RUN,,
A,2,assisted,,,,,,,NOT_RUN,,
A,3,assisted,,,,,,,NOT_RUN,,
A,4,manual,,,,,,,NOT_RUN,,
B,1,assisted,,,,,,,NOT_RUN,,
B,2,manual,,,,,,,NOT_RUN,,
B,3,manual,,,,,,,NOT_RUN,,
B,4,assisted,,,,,,,NOT_RUN,,
C,1,manual,,,,,,,NOT_RUN,,
C,2,assisted,,,,,,,NOT_RUN,,
C,3,assisted,,,,,,,NOT_RUN,,
C,4,manual,,,,,,,NOT_RUN,,
D,1,assisted,,,,,,,NOT_RUN,,
D,2,manual,,,,,,,NOT_RUN,,
D,3,manual,,,,,,,NOT_RUN,,
D,4,assisted,,,,,,,NOT_RUN,,
